{"Year":[2015,2018,2019,2020,2022,2015,2018,2019,2020,2022,2015,2018,2019,2020,2022],"SERIES":["SH_STA_AIRP","SH_STA_AIRP","SH_STA_AIRP","SH_STA_AIRP","SH_STA_AIRP","SH_AAP_ASMORT","SH_AAP_ASMORT","SH_AAP_ASMORT","SH_AAP_ASMORT","SH_AAP_ASMORT","SH_HAP_ASMORT","SH_HAP_ASMORT","SH_HAP_ASMORT","SH_HAP_ASMORT","SH_HAP_ASMORT"],"REF_AREA":[null,null,null,null,null,null,null,null,null,null,null,null,null,null,null],"UNIT_MEASURE":["PER_100000_POP","PER_100000_POP","PER_100000_POP","PER_100000_POP","PER_100000_POP","PER_100000_POP","PER_100000_POP","PER_100000_POP","PER_100000_POP","PER_100000_POP","PER_100000_POP","PER_100000_POP","PER_100000_POP","PER_100000_POP","PER_100000_POP"],"Value":[111.0,103.315385,98.192308,90.507692,77.7,64.2,59.755385,56.792308,52.347692,44.94,64.3,59.848462,56.880769,52.429231,45.01]}